{"name":"Phone","identifier":"EHLKLHYOAJ","description":null,"slotTypeName":"AMAZON.PhoneNumber","obfuscationSetting":{"obfuscationSettingType":"None"},"valueElicitationSetting":{"promptSpecification":{"messageGroupsList":[{"message":{"ssmlMessage":null,"customPayload":null,"plainTextMessage":{"value":"What is your phone number with country code?"},"imageResponseCard":null},"variations":null}],"maxRetries":2,"allowInterrupt":true},"slotConstraint":"Required","defaultValueSpecification":null,"sampleUtterances":null,"waitAndContinueSpecification":null},"multipleValuesSetting":null}