{"name":"Date","identifier":"TRWAVQYXYZ","description":"The date to schedule the appointment","slotTypeName":"AMAZON.Date","obfuscationSetting":{"obfuscationSettingType":"None"},"valueElicitationSetting":{"promptSpecification":{"messageGroupsList":[{"message":{"ssmlMessage":null,"customPayload":null,"plainTextMessage":{"value":"When should I schedule your appointment?"},"imageResponseCard":null},"variations":[{"ssmlMessage":null,"customPayload":null,"plainTextMessage":{"value":"When should I schedule your {AppointmentType} appointment?"},"imageResponseCard":null},{"ssmlMessage":null,"customPayload":null,"plainTextMessage":{"value":"{Time} on what day?"},"imageResponseCard":null}]}],"maxRetries":2,"allowInterrupt":true},"slotConstraint":"Required","defaultValueSpecification":null,"sampleUtterances":null,"waitAndContinueSpecification":null},"multipleValuesSetting":null}