{"name":"AppointmentTypeValue","identifier":"D5VVWAALGG","description":"Type of dentist appointment to schedule","slotTypeValues":[{"synonyms":[{"value":"billing"}],"sampleValue":{"value":"Billing"}},{"synonyms":[{"value":"general"}],"sampleValue":{"value":"General"}},{"synonyms":[{"value":"offers"}],"sampleValue":{"value":"Offers"}},{"synonyms":[{"value":"other"}],"sampleValue":{"value":"Other"}}],"parentSlotTypeSignature":null,"valueSelectionSetting":{"resolutionStrategy":"TOP_RESOLUTION","regexFilter":null}}