{"name":"Time","identifier":"A4GZNQA9WC","description":"The time to schedule the appointment","slotTypeName":"AMAZON.Time","obfuscationSetting":{"obfuscationSettingType":"None"},"valueElicitationSetting":{"promptSpecification":{"messageGroupsList":[{"message":{"ssmlMessage":null,"customPayload":null,"plainTextMessage":{"value":"At what time should I schedule your appointment?"},"imageResponseCard":null},"variations":[{"ssmlMessage":null,"customPayload":null,"plainTextMessage":{"value":"At what time do you want to schedule the {AppointmentType} appointment?"},"imageResponseCard":null},{"ssmlMessage":null,"customPayload":null,"plainTextMessage":{"value":"At what time on {Date}?"},"imageResponseCard":null}]}],"maxRetries":2,"allowInterrupt":true},"slotConstraint":"Required","defaultValueSpecification":null,"sampleUtterances":null,"waitAndContinueSpecification":null},"multipleValuesSetting":null}