{"name":"MakeAppointment","identifier":"YAPMNYBDGI","description":"Intent to book a dentist's appointment","parentIntentSignature":null,"sampleUtterances":[{"utterance":"I would like to book an appointment"},{"utterance":"Book an appointment"},{"utterance":"one"},{"utterance":"book"},{"utterance":"appointment"}],"intentConfirmationSetting":{"isActive":true,"promptSpecification":{"messageGroupsList":[{"message":{"ssmlMessage":null,"customPayload":null,"plainTextMessage":{"value":"{Name}, {Time} is available, should I go ahead and book your appointment?"},"imageResponseCard":null},"variations":[{"ssmlMessage":null,"customPayload":null,"plainTextMessage":{"value":"[formattedTime] is available, should I go ahead and book your {AppointmentType}?"},"imageResponseCard":null}]}],"maxRetries":1,"allowInterrupt":true},"declinationResponse":{"messageGroupsList":[{"message":{"ssmlMessage":null,"customPayload":null,"plainTextMessage":{"value":"Okay, I will not schedule an appointment."},"imageResponseCard":null},"variations":null}],"allowInterrupt":true}},"intentClosingSetting":null,"inputContexts":null,"outputContexts":null,"kendraConfiguration":null,"dialogCodeHook":{"enabled":false},"fulfillmentCodeHook":{"postFulfillmentStatusSpecification":null,"fulfillmentUpdatesSpecification":{"active":false,"timeoutInSeconds":null,"startResponse":null,"updateResponse":null},"enabled":true},"slotPriorities":[{"priority":5,"slotName":"Time"},{"priority":3,"slotName":"Phone"},{"priority":1,"slotName":"AppointmentType"},{"priority":4,"slotName":"Date"},{"priority":2,"slotName":"Name"}]}